"","ID","class_1","class_2","class_3","class_4","class_5","class_6","class_7","class_8","class_9","class_10","class_11","class_12","class_13","class_14","class_15","class_16","class_17","class_18","class_19","class_20","class_21","class_22","class_23","class_24","class_25","class_26","class_27","class_28","class_29","class_30","class_31","class_32","class_33","class_34","class_35","class_36","class_37","class_38","class_39","class_40","class_41","class_42","class_43","class_44","class_45","class_46","class_47","class_48","class_49","class_50","class_51","class_52","class_53","class_54","class_55","class_56","class_57","class_58","class_59","class_60","class_61","class_62","class_63","class_64","class_65","class_66","class_67","class_68","class_69","class_70","class_71","class_72","class_73","class_74","class_75","class_76","class_77","class_78","class_79","class_80","class_81","class_82","class_83","class_84","class_85","class_86","class_87","class_88","class_89","class_90","class_91","class_92","class_93","class_94","class_95","class_96","class_97","class_98","class_99","class_100","class_101","class_102","class_103","class_104","class_105","class_106","class_107","class_108","class_109","class_110","class_111","class_112","class_113","class_114","class_115","class_116","class_117","class_118","class_119","class_120","class_121","class_122","class_123","class_124","class_125","class_126","class_127","class_128","class_129","class_130","class_131","class_132"
"SK_14_1","SK_14_1","125","73","3","5","13","11","41","45","48","24","20","25","0","0","2","0","2","1","0","1","1","0","1","1","3","3","3","6","6","4","3","3","0","0","0","0","0","0","1","0","0","1","0","0","0","0","0","0","0","0","0","2","0","0","0","0","0","0","0","0","0","0","0","0","89","38","9","2","10","1","34","27","25","20","9","26","0","0","2","0","4","1","0","3","1","1","1","1","1","3","9","3","8","11","1","1","0","0","0","0","0","0","0","0","0","1","0","0","0","0","0","0","0","0","0","0","0","0","0","0","0","0","0","0","0","0","0","0","525","0.921","0.921","0.921"
"SK_14_3","SK_14_3","79","35","3","3","6","5","33","20","21","17","10","19","0","0","1","2","2","2","2","1","1","0","2","2","1","1","6","2","3","4","2","1","0","0","0","0","0","0","0","0","0","1","0","0","0","0","0","0","0","0","0","0","0","0","0","0","0","0","0","0","0","0","0","0","39","27","1","1","3","1","19","11","20","15","5","16","0","0","0","0","1","1","1","0","0","0","2","0","0","1","7","2","1","2","1","3","0","0","0","0","0","0","0","0","0","0","0","1","0","0","0","1","0","0","0","1","0","0","0","0","0","0","0","0","0","0","0","0","486","0.921","0.921","0.921"
"SK_14_5","SK_14_5","89","37","4","2","5","4","29","27","25","20","8","22","0","1","1","0","2","2","0","0","0","1","0","4","1","0","8","6","9","5","1","1","0","0","0","0","0","0","0","0","0","0","0","0","1","0","0","0","0","0","0","0","0","0","0","0","0","0","0","0","0","0","0","0","64","24","3","3","0","2","33","19","24","14","7","18","0","0","0","1","0","0","0","1","2","0","2","0","0","0","10","6","3","8","1","3","0","0","0","0","0","0","0","0","0","0","0","0","0","0","0","0","0","0","0","0","0","0","0","0","0","0","0","0","0","0","0","0","436","0.921","0.921","0.921"
"SK_14_6","SK_14_6","83","39","5","6","5","8","31","36","34","32","14","24","0","0","0","1","2","2","2","1","1","0","3","1","2","0","2","4","2","13","2","6","0","0","0","0","0","0","0","0","0","0","0","0","1","0","1","1","0","0","0","0","0","0","0","0","0","0","0","0","0","0","0","0","91","32","5","1","7","3","31","19","31","20","5","31","0","0","2","0","1","0","0","1","2","1","2","0","0","2","7","1","2","8","3","1","0","0","0","0","0","0","0","0","0","0","0","0","1","0","0","1","0","0","0","0","0","0","0","0","0","0","0","0","0","0","0","0","475","0.921","0.921","0.921"
"SK_14_8","SK_14_8","120","48","6","3","6","7","34","25","36","30","13","18","0","0","0","1","2","1","0","2","1","0","6","2","2","2","6","6","6","13","3","2","0","1","0","0","0","0","0","0","0","0","0","0","0","0","0","0","0","0","0","0","0","0","0","0","0","0","0","0","0","0","0","0","106","46","3","2","6","1","38","23","35","18","7","26","0","0","1","0","2","1","0","0","2","1","1","2","1","3","9","2","10","10","2","3","0","0","0","0","0","0","0","0","0","0","0","0","0","0","0","0","0","0","0","1","0","0","0","0","0","0","0","0","0","0","0","0","549","0.921","0.921","0.921"
"SK_14_12","SK_14_12","56","39","7","6","4","5","28","14","22","15","16","11","0","0","0","0","1","1","0","4","0","1","4","1","0","1","6","2","1","4","1","2","0","0","0","0","0","0","0","0","0","0","0","0","0","0","0","0","0","0","0","0","0","0","0","0","0","0","0","0","0","0","0","0","67","27","8","0","5","2","35","18","18","8","3","19","0","0","1","0","1","0","0","1","2","0","0","0","0","1","6","1","0","7","0","1","0","0","0","0","0","0","0","0","0","0","0","0","0","0","0","0","0","0","0","0","0","0","0","0","0","0","0","0","0","0","0","0","431","0.921","0.921","0.921"
"SK_14_14","SK_14_14","89","65","7","4","4","4","37","30","27","23","7","28","0","0","0","2","2","0","1","2","1","1","0","2","0","3","4","3","8","9","2","1","0","0","0","0","0","0","1","0","0","0","0","0","0","0","1","0","0","0","0","1","0","0","0","0","0","0","0","0","0","0","0","0","77","48","3","5","8","4","38","18","33","13","7","14","0","0","4","0","3","1","1","0","2","1","2","2","1","2","8","2","8","10","0","2","0","1","0","0","0","0","0","0","0","2","0","0","0","0","0","0","0","0","0","1","0","0","0","0","0","0","0","0","0","0","0","0","504","0.921","0.921","0.921"
"SK_14_17","SK_14_17","65","45","2","4","8","8","32","16","28","16","14","22","0","0","0","0","2","0","2","0","1","4","2","2","2","2","9","4","3","12","4","2","0","0","0","0","0","0","0","0","0","0","0","0","0","0","0","0","0","0","0","1","0","0","0","0","0","0","0","0","0","0","0","0","69","21","2","2","6","3","25","19","23","10","12","21","0","0","1","0","0","0","1","1","2","1","5","0","0","3","3","1","7","4","0","3","0","0","0","0","0","0","0","0","0","0","0","0","0","0","0","0","0","0","0","0","0","0","0","0","0","0","0","0","0","0","0","0","440","0.921","0.921","0.921"
"SK_14_18","SK_14_18","65","44","6","4","3","3","30","31","25","19","14","17","0","0","1","0","2","2","0","2","0","0","1","1","1","2","7","7","9","11","1","1","0","0","0","0","0","0","0","0","0","0","0","0","0","0","0","1","0","0","0","0","0","0","0","0","0","0","0","0","0","0","0","0","55","25","4","5","3","3","15","13","16","9","8","23","1","0","0","1","0","0","2","1","0","1","2","2","0","3","4","1","3","6","1","2","0","0","0","0","0","0","0","0","0","1","0","0","0","0","0","0","0","0","0","1","0","0","0","0","0","0","0","0","0","0","0","0","528","0.921","0.921","0.921"
"SK_14_19","SK_14_19","77","35","4","1","4","8","44","20","28","22","15","26","0","0","0","0","4","2","0","1","1","1","4","2","0","0","8","5","8","11","0","1","0","0","0","0","0","0","0","0","0","1","0","0","0","0","0","0","0","0","0","0","0","0","0","0","0","0","0","0","0","0","0","0","94","23","5","2","8","3","36","14","21","14","4","16","0","0","1","0","2","0","0","3","3","0","1","2","0","2","3","1","2","18","0","3","0","0","0","0","0","0","0","0","0","0","1","0","0","0","0","0","0","0","0","0","0","0","0","0","0","0","0","0","0","0","0","0","421","0.921","0.921","0.921"
